{
    "baseline_echo_server": {
        "throughput_rps": 228.81751595492725,
        "total_requests": 5,
        "successes": 5,
        "failures": 0,
        "latency_ms": {
            "p50": 3.8988390006124973,
            "p90": 5.986415999359451,
            "p95": 5.986415999359451,
            "p99": 5.986415999359451,
            "mean": 4.27210420020856,
            "max": 5.986415999359451
        }
    },
    "sombra_proxy": {
        "throughput_rps": 0.05862403259647384,
        "total_requests": 5,
        "successes": 5,
        "failures": 0,
        "latency_ms": {
            "p50": 24583.224461995997,
            "p90": 30848.11315400293,
            "p95": 30848.11315400293,
            "p99": 30848.11315400293,
            "mean": 17057.759494398488,
            "max": 30848.11315400293
        }
    },
    "redaction_overhead_ms": {
        "mean": 17053.48739019828,
        "p95": 30842.12673800357,
        "p99": 30842.12673800357
    },
    "performance_verdict": "SHALLOW_BYPASS_RECOMMENDED"
}