{
    "baseline_echo_server": {
        "throughput_rps": 2447.6293003859973,
        "total_requests": 10,
        "successes": 10,
        "failures": 0,
        "latency_ms": {
            "p50": 2.4992519975057803,
            "p90": 3.7062150076963007,
            "p95": 3.7062150076963007,
            "p99": 3.7062150076963007,
            "mean": 2.6009474036982283,
            "max": 3.7062150076963007
        }
    },
    "sombra_proxy": {
        "throughput_rps": 393.4453266921913,
        "total_requests": 10,
        "successes": 10,
        "failures": 0,
        "latency_ms": {
            "p50": 20.052797997777816,
            "p90": 24.543972991523333,
            "p95": 24.543972991523333,
            "p99": 24.543972991523333,
            "mean": 20.6286407992593,
            "max": 24.543972991523333
        }
    },
    "redaction_overhead_ms": {
        "mean": 18.027693395561073,
        "p95": 20.837757983827032,
        "p99": 20.837757983827032
    },
    "performance_verdict": "OPTIMAL"
}