{
    "baseline_echo_server": {
        "throughput_rps": 2255.411354159354,
        "total_requests": 10,
        "successes": 10,
        "failures": 0,
        "latency_ms": {
            "p50": 2.5615585036575794,
            "p90": 4.08585999684874,
            "p95": 4.08585999684874,
            "p99": 4.08585999684874,
            "mean": 2.7251104009337723,
            "max": 4.08585999684874
        }
    },
    "sombra_proxy": {
        "throughput_rps": 461.72607167645543,
        "total_requests": 10,
        "successes": 10,
        "failures": 0,
        "latency_ms": {
            "p50": 17.83753749623429,
            "p90": 21.208195001236163,
            "p95": 21.208195001236163,
            "p99": 21.208195001236163,
            "mean": 17.931210798269603,
            "max": 21.208195001236163
        }
    },
    "redaction_overhead_ms": {
        "mean": 15.206100397335831,
        "p95": 17.122335004387423,
        "p99": 17.122335004387423
    },
    "performance_verdict": "OPTIMAL"
}